case_number,specimen_id,sweep_number,recording_selection,model_condition,metric,value,status,non_evaluable_reason,non_evaluable_category,applicability_rule
1,314822529,44,method_development_raw_label,glif_stored_grid,absolute_spike_count_error,0,calculated,,calculated,unconditional
1,314822529,44,method_development_raw_label,glif_stored_grid,absolute_first_spike_latency_error_ms,,non_evaluable,no_in_window_spike,conditional_spike_absence,conditional_on_recording_and_model_spikes
1,314822529,44,method_development_raw_label,glif_stored_grid,absolute_steady_state_delta_voltage_error_mV,0.4125373234716359,calculated,,calculated,long_square_coverage_contract
2,314822529,44,method_development_raw_label,glif_recording_grid,absolute_spike_count_error,0,calculated,,calculated,unconditional
2,314822529,44,method_development_raw_label,glif_recording_grid,absolute_first_spike_latency_error_ms,,non_evaluable,no_in_window_spike,conditional_spike_absence,conditional_on_recording_and_model_spikes
2,314822529,44,method_development_raw_label,glif_recording_grid,absolute_steady_state_delta_voltage_error_mV,0.4125373234656893,calculated,,calculated,long_square_coverage_contract
3,314822529,44,method_development_raw_label,perisomatic_recording_grid_playback,absolute_spike_count_error,0,calculated,,calculated,unconditional
3,314822529,44,method_development_raw_label,perisomatic_recording_grid_playback,absolute_first_spike_latency_error_ms,,non_evaluable,no_in_window_spike,conditional_spike_absence,conditional_on_recording_and_model_spikes
3,314822529,44,method_development_raw_label,perisomatic_recording_grid_playback,absolute_steady_state_delta_voltage_error_mV,2.747038918710726,calculated,,calculated,long_square_coverage_contract
4,314822529,17,method_development_raw_label,glif_stored_grid,absolute_spike_count_error,1,calculated,,calculated,unconditional
4,314822529,17,method_development_raw_label,glif_stored_grid,absolute_first_spike_latency_error_ms,,non_evaluable,no_in_window_spike,conditional_spike_absence,conditional_on_recording_and_model_spikes
4,314822529,17,method_development_raw_label,glif_stored_grid,absolute_steady_state_delta_voltage_error_mV,,non_evaluable,not_applicable_to_protocol,protocol_structural,long_square_coverage_contract
5,314822529,17,method_development_raw_label,glif_recording_grid,absolute_spike_count_error,1,calculated,,calculated,unconditional
5,314822529,17,method_development_raw_label,glif_recording_grid,absolute_first_spike_latency_error_ms,,non_evaluable,no_in_window_spike,conditional_spike_absence,conditional_on_recording_and_model_spikes
5,314822529,17,method_development_raw_label,glif_recording_grid,absolute_steady_state_delta_voltage_error_mV,,non_evaluable,not_applicable_to_protocol,protocol_structural,long_square_coverage_contract
6,314822529,17,method_development_raw_label,perisomatic_recording_grid_playback,absolute_spike_count_error,1,calculated,,calculated,unconditional
6,314822529,17,method_development_raw_label,perisomatic_recording_grid_playback,absolute_first_spike_latency_error_ms,,non_evaluable,no_in_window_spike,conditional_spike_absence,conditional_on_recording_and_model_spikes
6,314822529,17,method_development_raw_label,perisomatic_recording_grid_playback,absolute_steady_state_delta_voltage_error_mV,,non_evaluable,not_applicable_to_protocol,protocol_structural,long_square_coverage_contract
7,314822529,75,method_development_raw_label,glif_stored_grid,absolute_spike_count_error,3,calculated,,calculated,unconditional
7,314822529,75,method_development_raw_label,glif_stored_grid,absolute_first_spike_latency_error_ms,,non_evaluable,no_in_window_spike,conditional_spike_absence,conditional_on_recording_and_model_spikes
7,314822529,75,method_development_raw_label,glif_stored_grid,absolute_steady_state_delta_voltage_error_mV,,non_evaluable,not_applicable_to_protocol,protocol_structural,long_square_coverage_contract
8,314822529,75,method_development_raw_label,glif_recording_grid,absolute_spike_count_error,3,calculated,,calculated,unconditional
8,314822529,75,method_development_raw_label,glif_recording_grid,absolute_first_spike_latency_error_ms,,non_evaluable,no_in_window_spike,conditional_spike_absence,conditional_on_recording_and_model_spikes
8,314822529,75,method_development_raw_label,glif_recording_grid,absolute_steady_state_delta_voltage_error_mV,,non_evaluable,not_applicable_to_protocol,protocol_structural,long_square_coverage_contract
9,314822529,75,method_development_raw_label,perisomatic_recording_grid_playback,absolute_spike_count_error,2,calculated,,calculated,unconditional
9,314822529,75,method_development_raw_label,perisomatic_recording_grid_playback,absolute_first_spike_latency_error_ms,20.030000005228032,calculated,,calculated,conditional_on_recording_and_model_spikes
9,314822529,75,method_development_raw_label,perisomatic_recording_grid_playback,absolute_steady_state_delta_voltage_error_mV,,non_evaluable,not_applicable_to_protocol,protocol_structural,long_square_coverage_contract
10,314822529,66,method_development_raw_label,glif_stored_grid,absolute_spike_count_error,6,calculated,,calculated,unconditional
10,314822529,66,method_development_raw_label,glif_stored_grid,absolute_first_spike_latency_error_ms,,non_evaluable,no_in_window_spike,conditional_spike_absence,conditional_on_recording_and_model_spikes
10,314822529,66,method_development_raw_label,glif_stored_grid,absolute_steady_state_delta_voltage_error_mV,3.282761642026698,calculated,,calculated,long_square_coverage_contract
11,314822529,66,method_development_raw_label,glif_recording_grid,absolute_spike_count_error,6,calculated,,calculated,unconditional
11,314822529,66,method_development_raw_label,glif_recording_grid,absolute_first_spike_latency_error_ms,,non_evaluable,no_in_window_spike,conditional_spike_absence,conditional_on_recording_and_model_spikes
11,314822529,66,method_development_raw_label,glif_recording_grid,absolute_steady_state_delta_voltage_error_mV,3.2827616420148114,calculated,,calculated,long_square_coverage_contract
12,314822529,66,method_development_raw_label,perisomatic_recording_grid_playback,absolute_spike_count_error,7,calculated,,calculated,unconditional
12,314822529,66,method_development_raw_label,perisomatic_recording_grid_playback,absolute_first_spike_latency_error_ms,12.100000001571187,calculated,,calculated,conditional_on_recording_and_model_spikes
12,314822529,66,method_development_raw_label,perisomatic_recording_grid_playback,absolute_steady_state_delta_voltage_error_mV,4.453460345144225,calculated,,calculated,long_square_coverage_contract
13,324493977,46,long_square_first_spiking,glif_stored_grid,absolute_spike_count_error,1,calculated,,calculated,unconditional
13,324493977,46,long_square_first_spiking,glif_stored_grid,absolute_first_spike_latency_error_ms,,non_evaluable,no_in_window_spike,conditional_spike_absence,conditional_on_recording_and_model_spikes
13,324493977,46,long_square_first_spiking,glif_stored_grid,absolute_steady_state_delta_voltage_error_mV,4.080681705127084,calculated,,calculated,long_square_coverage_contract
14,324493977,46,long_square_first_spiking,glif_recording_grid,absolute_spike_count_error,1,calculated,,calculated,unconditional
14,324493977,46,long_square_first_spiking,glif_recording_grid,absolute_first_spike_latency_error_ms,,non_evaluable,no_in_window_spike,conditional_spike_absence,conditional_on_recording_and_model_spikes
14,324493977,46,long_square_first_spiking,glif_recording_grid,absolute_steady_state_delta_voltage_error_mV,4.080681705132573,calculated,,calculated,long_square_coverage_contract
15,324493977,46,long_square_first_spiking,perisomatic_recording_grid_playback,absolute_spike_count_error,1,calculated,,calculated,unconditional
15,324493977,46,long_square_first_spiking,perisomatic_recording_grid_playback,absolute_first_spike_latency_error_ms,,non_evaluable,no_in_window_spike,conditional_spike_absence,conditional_on_recording_and_model_spikes
15,324493977,46,long_square_first_spiking,perisomatic_recording_grid_playback,absolute_steady_state_delta_voltage_error_mV,12.750317671613775,calculated,,calculated,long_square_coverage_contract
16,324493977,16,short_square_first_spiking,glif_stored_grid,absolute_spike_count_error,0,calculated,,calculated,unconditional
16,324493977,16,short_square_first_spiking,glif_stored_grid,absolute_first_spike_latency_error_ms,,non_evaluable,no_in_window_spike,conditional_spike_absence,conditional_on_recording_and_model_spikes
16,324493977,16,short_square_first_spiking,glif_stored_grid,absolute_steady_state_delta_voltage_error_mV,,non_evaluable,not_applicable_to_protocol,protocol_structural,long_square_coverage_contract
17,324493977,16,short_square_first_spiking,glif_recording_grid,absolute_spike_count_error,0,calculated,,calculated,unconditional
17,324493977,16,short_square_first_spiking,glif_recording_grid,absolute_first_spike_latency_error_ms,,non_evaluable,no_in_window_spike,conditional_spike_absence,conditional_on_recording_and_model_spikes
17,324493977,16,short_square_first_spiking,glif_recording_grid,absolute_steady_state_delta_voltage_error_mV,,non_evaluable,not_applicable_to_protocol,protocol_structural,long_square_coverage_contract
18,324493977,16,short_square_first_spiking,perisomatic_recording_grid_playback,absolute_spike_count_error,0,calculated,,calculated,unconditional
18,324493977,16,short_square_first_spiking,perisomatic_recording_grid_playback,absolute_first_spike_latency_error_ms,,non_evaluable,no_in_window_spike,conditional_spike_absence,conditional_on_recording_and_model_spikes
18,324493977,16,short_square_first_spiking,perisomatic_recording_grid_playback,absolute_steady_state_delta_voltage_error_mV,,non_evaluable,not_applicable_to_protocol,protocol_structural,long_square_coverage_contract
19,324493977,69,short_square_triple_first_spiking,glif_stored_grid,absolute_spike_count_error,2,calculated,,calculated,unconditional
19,324493977,69,short_square_triple_first_spiking,glif_stored_grid,absolute_first_spike_latency_error_ms,5.74276701959775,calculated,,calculated,conditional_on_recording_and_model_spikes
19,324493977,69,short_square_triple_first_spiking,glif_stored_grid,absolute_steady_state_delta_voltage_error_mV,,non_evaluable,not_applicable_to_protocol,protocol_structural,long_square_coverage_contract
20,324493977,69,short_square_triple_first_spiking,glif_recording_grid,absolute_spike_count_error,1,calculated,,calculated,unconditional
20,324493977,69,short_square_triple_first_spiking,glif_recording_grid,absolute_first_spike_latency_error_ms,5.747017137424315,calculated,,calculated,conditional_on_recording_and_model_spikes
20,324493977,69,short_square_triple_first_spiking,glif_recording_grid,absolute_steady_state_delta_voltage_error_mV,,non_evaluable,not_applicable_to_protocol,protocol_structural,long_square_coverage_contract
21,324493977,69,short_square_triple_first_spiking,perisomatic_recording_grid_playback,absolute_spike_count_error,0,calculated,,calculated,unconditional
21,324493977,69,short_square_triple_first_spiking,perisomatic_recording_grid_playback,absolute_first_spike_latency_error_ms,0.17500000516834646,calculated,,calculated,conditional_on_recording_and_model_spikes
21,324493977,69,short_square_triple_first_spiking,perisomatic_recording_grid_playback,absolute_steady_state_delta_voltage_error_mV,,non_evaluable,not_applicable_to_protocol,protocol_structural,long_square_coverage_contract
22,324493977,37,long_square_prethreshold_candidate,glif_stored_grid,absolute_spike_count_error,0,calculated,,calculated,unconditional
22,324493977,37,long_square_prethreshold_candidate,glif_stored_grid,absolute_first_spike_latency_error_ms,,non_evaluable,no_in_window_spike,conditional_spike_absence,conditional_on_recording_and_model_spikes
22,324493977,37,long_square_prethreshold_candidate,glif_stored_grid,absolute_steady_state_delta_voltage_error_mV,1.3109390549452815,calculated,,calculated,long_square_coverage_contract
23,324493977,37,long_square_prethreshold_candidate,glif_recording_grid,absolute_spike_count_error,0,calculated,,calculated,unconditional
23,324493977,37,long_square_prethreshold_candidate,glif_recording_grid,absolute_first_spike_latency_error_ms,,non_evaluable,no_in_window_spike,conditional_spike_absence,conditional_on_recording_and_model_spikes
23,324493977,37,long_square_prethreshold_candidate,glif_recording_grid,absolute_steady_state_delta_voltage_error_mV,1.3109390549507771,calculated,,calculated,long_square_coverage_contract
24,324493977,37,long_square_prethreshold_candidate,perisomatic_recording_grid_playback,absolute_spike_count_error,0,calculated,,calculated,unconditional
24,324493977,37,long_square_prethreshold_candidate,perisomatic_recording_grid_playback,absolute_first_spike_latency_error_ms,,non_evaluable,no_in_window_spike,conditional_spike_absence,conditional_on_recording_and_model_spikes
24,324493977,37,long_square_prethreshold_candidate,perisomatic_recording_grid_playback,absolute_steady_state_delta_voltage_error_mV,9.294543296054128,calculated,,calculated,long_square_coverage_contract
25,473943881,41,long_square_first_spiking,glif_stored_grid,absolute_spike_count_error,2,calculated,,calculated,unconditional
25,473943881,41,long_square_first_spiking,glif_stored_grid,absolute_first_spike_latency_error_ms,,non_evaluable,no_in_window_spike,conditional_spike_absence,conditional_on_recording_and_model_spikes
25,473943881,41,long_square_first_spiking,glif_stored_grid,absolute_steady_state_delta_voltage_error_mV,4.207219319733252,calculated,,calculated,long_square_coverage_contract
26,473943881,41,long_square_first_spiking,glif_recording_grid,absolute_spike_count_error,2,calculated,,calculated,unconditional
26,473943881,41,long_square_first_spiking,glif_recording_grid,absolute_first_spike_latency_error_ms,,non_evaluable,no_in_window_spike,conditional_spike_absence,conditional_on_recording_and_model_spikes
26,473943881,41,long_square_first_spiking,glif_recording_grid,absolute_steady_state_delta_voltage_error_mV,4.207219319735472,calculated,,calculated,long_square_coverage_contract
27,473943881,41,long_square_first_spiking,perisomatic_recording_grid_playback,absolute_spike_count_error,2,calculated,,calculated,unconditional
27,473943881,41,long_square_first_spiking,perisomatic_recording_grid_playback,absolute_first_spike_latency_error_ms,,non_evaluable,no_in_window_spike,conditional_spike_absence,conditional_on_recording_and_model_spikes
27,473943881,41,long_square_first_spiking,perisomatic_recording_grid_playback,absolute_steady_state_delta_voltage_error_mV,13.144763962428335,calculated,,calculated,long_square_coverage_contract
28,473943881,16,short_square_first_spiking,glif_stored_grid,absolute_spike_count_error,0,calculated,,calculated,unconditional
28,473943881,16,short_square_first_spiking,glif_stored_grid,absolute_first_spike_latency_error_ms,,non_evaluable,no_in_window_spike,conditional_spike_absence,conditional_on_recording_and_model_spikes
28,473943881,16,short_square_first_spiking,glif_stored_grid,absolute_steady_state_delta_voltage_error_mV,,non_evaluable,not_applicable_to_protocol,protocol_structural,long_square_coverage_contract
29,473943881,16,short_square_first_spiking,glif_recording_grid,absolute_spike_count_error,0,calculated,,calculated,unconditional
29,473943881,16,short_square_first_spiking,glif_recording_grid,absolute_first_spike_latency_error_ms,,non_evaluable,no_in_window_spike,conditional_spike_absence,conditional_on_recording_and_model_spikes
29,473943881,16,short_square_first_spiking,glif_recording_grid,absolute_steady_state_delta_voltage_error_mV,,non_evaluable,not_applicable_to_protocol,protocol_structural,long_square_coverage_contract
30,473943881,16,short_square_first_spiking,perisomatic_recording_grid_playback,absolute_spike_count_error,1,calculated,,calculated,unconditional
30,473943881,16,short_square_first_spiking,perisomatic_recording_grid_playback,absolute_first_spike_latency_error_ms,,non_evaluable,no_in_window_spike,conditional_spike_absence,conditional_on_recording_and_model_spikes
30,473943881,16,short_square_first_spiking,perisomatic_recording_grid_playback,absolute_steady_state_delta_voltage_error_mV,,non_evaluable,not_applicable_to_protocol,protocol_structural,long_square_coverage_contract
31,473943881,77,short_square_triple_first_spiking,glif_stored_grid,absolute_spike_count_error,1,calculated,,calculated,unconditional
31,473943881,77,short_square_triple_first_spiking,glif_stored_grid,absolute_first_spike_latency_error_ms,13.413945370662539,calculated,,calculated,conditional_on_recording_and_model_spikes
31,473943881,77,short_square_triple_first_spiking,glif_stored_grid,absolute_steady_state_delta_voltage_error_mV,,non_evaluable,not_applicable_to_protocol,protocol_structural,long_square_coverage_contract
32,473943881,77,short_square_triple_first_spiking,glif_recording_grid,absolute_spike_count_error,1,calculated,,calculated,unconditional
32,473943881,77,short_square_triple_first_spiking,glif_recording_grid,absolute_first_spike_latency_error_ms,13.42118996201025,calculated,,calculated,conditional_on_recording_and_model_spikes
32,473943881,77,short_square_triple_first_spiking,glif_recording_grid,absolute_steady_state_delta_voltage_error_mV,,non_evaluable,not_applicable_to_protocol,protocol_structural,long_square_coverage_contract
33,473943881,77,short_square_triple_first_spiking,perisomatic_recording_grid_playback,absolute_spike_count_error,0,calculated,,calculated,unconditional
33,473943881,77,short_square_triple_first_spiking,perisomatic_recording_grid_playback,absolute_first_spike_latency_error_ms,0.9499999948352489,calculated,,calculated,conditional_on_recording_and_model_spikes
33,473943881,77,short_square_triple_first_spiking,perisomatic_recording_grid_playback,absolute_steady_state_delta_voltage_error_mV,,non_evaluable,not_applicable_to_protocol,protocol_structural,long_square_coverage_contract
34,473943881,49,long_square_prethreshold_candidate,glif_stored_grid,absolute_spike_count_error,0,calculated,,calculated,unconditional
34,473943881,49,long_square_prethreshold_candidate,glif_stored_grid,absolute_first_spike_latency_error_ms,,non_evaluable,no_in_window_spike,conditional_spike_absence,conditional_on_recording_and_model_spikes
34,473943881,49,long_square_prethreshold_candidate,glif_stored_grid,absolute_steady_state_delta_voltage_error_mV,3.8610378484060655,calculated,,calculated,long_square_coverage_contract
35,473943881,49,long_square_prethreshold_candidate,glif_recording_grid,absolute_spike_count_error,0,calculated,,calculated,unconditional
35,473943881,49,long_square_prethreshold_candidate,glif_recording_grid,absolute_first_spike_latency_error_ms,,non_evaluable,no_in_window_spike,conditional_spike_absence,conditional_on_recording_and_model_spikes
35,473943881,49,long_square_prethreshold_candidate,glif_recording_grid,absolute_steady_state_delta_voltage_error_mV,3.861037848408286,calculated,,calculated,long_square_coverage_contract
36,473943881,49,long_square_prethreshold_candidate,perisomatic_recording_grid_playback,absolute_spike_count_error,0,calculated,,calculated,unconditional
36,473943881,49,long_square_prethreshold_candidate,perisomatic_recording_grid_playback,absolute_first_spike_latency_error_ms,,non_evaluable,no_in_window_spike,conditional_spike_absence,conditional_on_recording_and_model_spikes
36,473943881,49,long_square_prethreshold_candidate,perisomatic_recording_grid_playback,absolute_steady_state_delta_voltage_error_mV,12.525972957521155,calculated,,calculated,long_square_coverage_contract
37,471087830,49,long_square_first_spiking,glif_stored_grid,absolute_spike_count_error,70,calculated,,calculated,unconditional
37,471087830,49,long_square_first_spiking,glif_stored_grid,absolute_first_spike_latency_error_ms,1.2975328278554965,calculated,,calculated,conditional_on_recording_and_model_spikes
37,471087830,49,long_square_first_spiking,glif_stored_grid,absolute_steady_state_delta_voltage_error_mV,,non_evaluable,insufficient_coverage,scientific_output_induced,long_square_coverage_contract
38,471087830,49,long_square_first_spiking,glif_recording_grid,absolute_spike_count_error,78,calculated,,calculated,unconditional
38,471087830,49,long_square_first_spiking,glif_recording_grid,absolute_first_spike_latency_error_ms,1.2575404767096732,calculated,,calculated,conditional_on_recording_and_model_spikes
38,471087830,49,long_square_first_spiking,glif_recording_grid,absolute_steady_state_delta_voltage_error_mV,,non_evaluable,insufficient_coverage,scientific_output_induced,long_square_coverage_contract
39,471087830,49,long_square_first_spiking,perisomatic_recording_grid_playback,absolute_spike_count_error,104,calculated,,calculated,unconditional
39,471087830,49,long_square_first_spiking,perisomatic_recording_grid_playback,absolute_first_spike_latency_error_ms,3.899999998445036,calculated,,calculated,conditional_on_recording_and_model_spikes
39,471087830,49,long_square_first_spiking,perisomatic_recording_grid_playback,absolute_steady_state_delta_voltage_error_mV,,non_evaluable,insufficient_coverage,scientific_output_induced,long_square_coverage_contract
40,471087830,15,short_square_first_spiking,glif_stored_grid,absolute_spike_count_error,0,calculated,,calculated,unconditional
40,471087830,15,short_square_first_spiking,glif_stored_grid,absolute_first_spike_latency_error_ms,,non_evaluable,no_in_window_spike,conditional_spike_absence,conditional_on_recording_and_model_spikes
40,471087830,15,short_square_first_spiking,glif_stored_grid,absolute_steady_state_delta_voltage_error_mV,,non_evaluable,not_applicable_to_protocol,protocol_structural,long_square_coverage_contract
41,471087830,15,short_square_first_spiking,glif_recording_grid,absolute_spike_count_error,0,calculated,,calculated,unconditional
41,471087830,15,short_square_first_spiking,glif_recording_grid,absolute_first_spike_latency_error_ms,,non_evaluable,no_in_window_spike,conditional_spike_absence,conditional_on_recording_and_model_spikes
41,471087830,15,short_square_first_spiking,glif_recording_grid,absolute_steady_state_delta_voltage_error_mV,,non_evaluable,not_applicable_to_protocol,protocol_structural,long_square_coverage_contract
42,471087830,15,short_square_first_spiking,perisomatic_recording_grid_playback,absolute_spike_count_error,0,calculated,,calculated,unconditional
42,471087830,15,short_square_first_spiking,perisomatic_recording_grid_playback,absolute_first_spike_latency_error_ms,,non_evaluable,no_in_window_spike,conditional_spike_absence,conditional_on_recording_and_model_spikes
42,471087830,15,short_square_first_spiking,perisomatic_recording_grid_playback,absolute_steady_state_delta_voltage_error_mV,,non_evaluable,not_applicable_to_protocol,protocol_structural,long_square_coverage_contract
43,471087830,90,short_square_triple_first_spiking,glif_stored_grid,absolute_spike_count_error,2,calculated,,calculated,unconditional
43,471087830,90,short_square_triple_first_spiking,glif_stored_grid,absolute_first_spike_latency_error_ms,7.187337210378786,calculated,,calculated,conditional_on_recording_and_model_spikes
43,471087830,90,short_square_triple_first_spiking,glif_stored_grid,absolute_steady_state_delta_voltage_error_mV,,non_evaluable,not_applicable_to_protocol,protocol_structural,long_square_coverage_contract
44,471087830,90,short_square_triple_first_spiking,glif_recording_grid,absolute_spike_count_error,2,calculated,,calculated,unconditional
44,471087830,90,short_square_triple_first_spiking,glif_recording_grid,absolute_first_spike_latency_error_ms,7.197426583740896,calculated,,calculated,conditional_on_recording_and_model_spikes
44,471087830,90,short_square_triple_first_spiking,glif_recording_grid,absolute_steady_state_delta_voltage_error_mV,,non_evaluable,not_applicable_to_protocol,protocol_structural,long_square_coverage_contract
45,471087830,90,short_square_triple_first_spiking,perisomatic_recording_grid_playback,absolute_spike_count_error,1,calculated,,calculated,unconditional
45,471087830,90,short_square_triple_first_spiking,perisomatic_recording_grid_playback,absolute_first_spike_latency_error_ms,6.170000005189191,calculated,,calculated,conditional_on_recording_and_model_spikes
45,471087830,90,short_square_triple_first_spiking,perisomatic_recording_grid_playback,absolute_steady_state_delta_voltage_error_mV,,non_evaluable,not_applicable_to_protocol,protocol_structural,long_square_coverage_contract
46,471087830,48,long_square_prethreshold_candidate,glif_stored_grid,absolute_spike_count_error,57,calculated,,calculated,unconditional
46,471087830,48,long_square_prethreshold_candidate,glif_stored_grid,absolute_first_spike_latency_error_ms,,non_evaluable,no_in_window_spike,conditional_spike_absence,conditional_on_recording_and_model_spikes
46,471087830,48,long_square_prethreshold_candidate,glif_stored_grid,absolute_steady_state_delta_voltage_error_mV,,non_evaluable,insufficient_coverage,scientific_output_induced,long_square_coverage_contract
47,471087830,48,long_square_prethreshold_candidate,glif_recording_grid,absolute_spike_count_error,62,calculated,,calculated,unconditional
47,471087830,48,long_square_prethreshold_candidate,glif_recording_grid,absolute_first_spike_latency_error_ms,,non_evaluable,no_in_window_spike,conditional_spike_absence,conditional_on_recording_and_model_spikes
47,471087830,48,long_square_prethreshold_candidate,glif_recording_grid,absolute_steady_state_delta_voltage_error_mV,,non_evaluable,insufficient_coverage,scientific_output_induced,long_square_coverage_contract
48,471087830,48,long_square_prethreshold_candidate,perisomatic_recording_grid_playback,absolute_spike_count_error,99,calculated,,calculated,unconditional
48,471087830,48,long_square_prethreshold_candidate,perisomatic_recording_grid_playback,absolute_first_spike_latency_error_ms,,non_evaluable,no_in_window_spike,conditional_spike_absence,conditional_on_recording_and_model_spikes
48,471087830,48,long_square_prethreshold_candidate,perisomatic_recording_grid_playback,absolute_steady_state_delta_voltage_error_mV,,non_evaluable,insufficient_coverage,scientific_output_induced,long_square_coverage_contract
49,475585413,40,long_square_first_spiking,glif_stored_grid,absolute_spike_count_error,1,calculated,,calculated,unconditional
49,475585413,40,long_square_first_spiking,glif_stored_grid,absolute_first_spike_latency_error_ms,,non_evaluable,no_in_window_spike,conditional_spike_absence,conditional_on_recording_and_model_spikes
49,475585413,40,long_square_first_spiking,glif_stored_grid,absolute_steady_state_delta_voltage_error_mV,2.696126305111124,calculated,,calculated,long_square_coverage_contract
50,475585413,40,long_square_first_spiking,glif_recording_grid,absolute_spike_count_error,1,calculated,,calculated,unconditional
50,475585413,40,long_square_first_spiking,glif_recording_grid,absolute_first_spike_latency_error_ms,,non_evaluable,no_in_window_spike,conditional_spike_absence,conditional_on_recording_and_model_spikes
50,475585413,40,long_square_first_spiking,glif_recording_grid,absolute_steady_state_delta_voltage_error_mV,2.696126305108293,calculated,,calculated,long_square_coverage_contract
51,475585413,40,long_square_first_spiking,perisomatic_recording_grid_playback,absolute_spike_count_error,1,calculated,,calculated,unconditional
51,475585413,40,long_square_first_spiking,perisomatic_recording_grid_playback,absolute_first_spike_latency_error_ms,,non_evaluable,no_in_window_spike,conditional_spike_absence,conditional_on_recording_and_model_spikes
51,475585413,40,long_square_first_spiking,perisomatic_recording_grid_playback,absolute_steady_state_delta_voltage_error_mV,16.059544895268868,calculated,,calculated,long_square_coverage_contract
52,475585413,12,short_square_first_spiking,glif_stored_grid,absolute_spike_count_error,0,calculated,,calculated,unconditional
52,475585413,12,short_square_first_spiking,glif_stored_grid,absolute_first_spike_latency_error_ms,,non_evaluable,no_in_window_spike,conditional_spike_absence,conditional_on_recording_and_model_spikes
52,475585413,12,short_square_first_spiking,glif_stored_grid,absolute_steady_state_delta_voltage_error_mV,,non_evaluable,not_applicable_to_protocol,protocol_structural,long_square_coverage_contract
53,475585413,12,short_square_first_spiking,glif_recording_grid,absolute_spike_count_error,0,calculated,,calculated,unconditional
53,475585413,12,short_square_first_spiking,glif_recording_grid,absolute_first_spike_latency_error_ms,,non_evaluable,no_in_window_spike,conditional_spike_absence,conditional_on_recording_and_model_spikes
53,475585413,12,short_square_first_spiking,glif_recording_grid,absolute_steady_state_delta_voltage_error_mV,,non_evaluable,not_applicable_to_protocol,protocol_structural,long_square_coverage_contract
54,475585413,12,short_square_first_spiking,perisomatic_recording_grid_playback,absolute_spike_count_error,1,calculated,,calculated,unconditional
54,475585413,12,short_square_first_spiking,perisomatic_recording_grid_playback,absolute_first_spike_latency_error_ms,,non_evaluable,no_in_window_spike,conditional_spike_absence,conditional_on_recording_and_model_spikes
54,475585413,12,short_square_first_spiking,perisomatic_recording_grid_playback,absolute_steady_state_delta_voltage_error_mV,,non_evaluable,not_applicable_to_protocol,protocol_structural,long_square_coverage_contract
55,475585413,70,short_square_triple_first_spiking,glif_stored_grid,absolute_spike_count_error,2,calculated,,calculated,unconditional
55,475585413,70,short_square_triple_first_spiking,glif_stored_grid,absolute_first_spike_latency_error_ms,14.111164700702172,calculated,,calculated,conditional_on_recording_and_model_spikes
55,475585413,70,short_square_triple_first_spiking,glif_stored_grid,absolute_steady_state_delta_voltage_error_mV,,non_evaluable,not_applicable_to_protocol,protocol_structural,long_square_coverage_contract
56,475585413,70,short_square_triple_first_spiking,glif_recording_grid,absolute_spike_count_error,2,calculated,,calculated,unconditional
56,475585413,70,short_square_triple_first_spiking,glif_recording_grid,absolute_first_spike_latency_error_ms,14.119178448749548,calculated,,calculated,conditional_on_recording_and_model_spikes
56,475585413,70,short_square_triple_first_spiking,glif_recording_grid,absolute_steady_state_delta_voltage_error_mV,,non_evaluable,not_applicable_to_protocol,protocol_structural,long_square_coverage_contract
57,475585413,70,short_square_triple_first_spiking,perisomatic_recording_grid_playback,absolute_spike_count_error,0,calculated,,calculated,unconditional
57,475585413,70,short_square_triple_first_spiking,perisomatic_recording_grid_playback,absolute_first_spike_latency_error_ms,0.49999999483540947,calculated,,calculated,conditional_on_recording_and_model_spikes
57,475585413,70,short_square_triple_first_spiking,perisomatic_recording_grid_playback,absolute_steady_state_delta_voltage_error_mV,,non_evaluable,not_applicable_to_protocol,protocol_structural,long_square_coverage_contract
58,475585413,32,long_square_prethreshold_candidate,glif_stored_grid,absolute_spike_count_error,0,calculated,,calculated,unconditional
58,475585413,32,long_square_prethreshold_candidate,glif_stored_grid,absolute_first_spike_latency_error_ms,,non_evaluable,no_in_window_spike,conditional_spike_absence,conditional_on_recording_and_model_spikes
58,475585413,32,long_square_prethreshold_candidate,glif_stored_grid,absolute_steady_state_delta_voltage_error_mV,1.198009088506459,calculated,,calculated,long_square_coverage_contract
59,475585413,32,long_square_prethreshold_candidate,glif_recording_grid,absolute_spike_count_error,0,calculated,,calculated,unconditional
59,475585413,32,long_square_prethreshold_candidate,glif_recording_grid,absolute_first_spike_latency_error_ms,,non_evaluable,no_in_window_spike,conditional_spike_absence,conditional_on_recording_and_model_spikes
59,475585413,32,long_square_prethreshold_candidate,glif_recording_grid,absolute_steady_state_delta_voltage_error_mV,1.198009088503635,calculated,,calculated,long_square_coverage_contract
60,475585413,32,long_square_prethreshold_candidate,perisomatic_recording_grid_playback,absolute_spike_count_error,0,calculated,,calculated,unconditional
60,475585413,32,long_square_prethreshold_candidate,perisomatic_recording_grid_playback,absolute_first_spike_latency_error_ms,,non_evaluable,no_in_window_spike,conditional_spike_absence,conditional_on_recording_and_model_spikes
60,475585413,32,long_square_prethreshold_candidate,perisomatic_recording_grid_playback,absolute_steady_state_delta_voltage_error_mV,16.111433120093054,calculated,,calculated,long_square_coverage_contract
61,464188580,39,long_square_first_spiking,glif_stored_grid,absolute_spike_count_error,4,calculated,,calculated,unconditional
61,464188580,39,long_square_first_spiking,glif_stored_grid,absolute_first_spike_latency_error_ms,,non_evaluable,no_in_window_spike,conditional_spike_absence,conditional_on_recording_and_model_spikes
61,464188580,39,long_square_first_spiking,glif_stored_grid,absolute_steady_state_delta_voltage_error_mV,4.556357249582699,calculated,,calculated,long_square_coverage_contract
62,464188580,39,long_square_first_spiking,glif_recording_grid,absolute_spike_count_error,4,calculated,,calculated,unconditional
62,464188580,39,long_square_first_spiking,glif_recording_grid,absolute_first_spike_latency_error_ms,,non_evaluable,no_in_window_spike,conditional_spike_absence,conditional_on_recording_and_model_spikes
62,464188580,39,long_square_first_spiking,glif_recording_grid,absolute_steady_state_delta_voltage_error_mV,4.55635724958614,calculated,,calculated,long_square_coverage_contract
63,464188580,39,long_square_first_spiking,perisomatic_recording_grid_playback,absolute_spike_count_error,4,calculated,,calculated,unconditional
63,464188580,39,long_square_first_spiking,perisomatic_recording_grid_playback,absolute_first_spike_latency_error_ms,,non_evaluable,no_in_window_spike,conditional_spike_absence,conditional_on_recording_and_model_spikes
63,464188580,39,long_square_first_spiking,perisomatic_recording_grid_playback,absolute_steady_state_delta_voltage_error_mV,8.651293543096267,calculated,,calculated,long_square_coverage_contract
64,464188580,19,short_square_first_spiking,glif_stored_grid,absolute_spike_count_error,0,calculated,,calculated,unconditional
64,464188580,19,short_square_first_spiking,glif_stored_grid,absolute_first_spike_latency_error_ms,,non_evaluable,no_in_window_spike,conditional_spike_absence,conditional_on_recording_and_model_spikes
64,464188580,19,short_square_first_spiking,glif_stored_grid,absolute_steady_state_delta_voltage_error_mV,,non_evaluable,not_applicable_to_protocol,protocol_structural,long_square_coverage_contract
65,464188580,19,short_square_first_spiking,glif_recording_grid,absolute_spike_count_error,0,calculated,,calculated,unconditional
65,464188580,19,short_square_first_spiking,glif_recording_grid,absolute_first_spike_latency_error_ms,,non_evaluable,no_in_window_spike,conditional_spike_absence,conditional_on_recording_and_model_spikes
65,464188580,19,short_square_first_spiking,glif_recording_grid,absolute_steady_state_delta_voltage_error_mV,,non_evaluable,not_applicable_to_protocol,protocol_structural,long_square_coverage_contract
66,464188580,19,short_square_first_spiking,perisomatic_recording_grid_playback,absolute_spike_count_error,0,calculated,,calculated,unconditional
66,464188580,19,short_square_first_spiking,perisomatic_recording_grid_playback,absolute_first_spike_latency_error_ms,,non_evaluable,no_in_window_spike,conditional_spike_absence,conditional_on_recording_and_model_spikes
66,464188580,19,short_square_first_spiking,perisomatic_recording_grid_playback,absolute_steady_state_delta_voltage_error_mV,,non_evaluable,not_applicable_to_protocol,protocol_structural,long_square_coverage_contract
67,464188580,82,short_square_triple_first_spiking,glif_stored_grid,absolute_spike_count_error,2,calculated,,calculated,unconditional
67,464188580,82,short_square_triple_first_spiking,glif_stored_grid,absolute_first_spike_latency_error_ms,6.7168772859056425,calculated,,calculated,conditional_on_recording_and_model_spikes
67,464188580,82,short_square_triple_first_spiking,glif_stored_grid,absolute_steady_state_delta_voltage_error_mV,,non_evaluable,not_applicable_to_protocol,protocol_structural,long_square_coverage_contract
68,464188580,82,short_square_triple_first_spiking,glif_recording_grid,absolute_spike_count_error,2,calculated,,calculated,unconditional
68,464188580,82,short_square_triple_first_spiking,glif_recording_grid,absolute_first_spike_latency_error_ms,6.7244318155821325,calculated,,calculated,conditional_on_recording_and_model_spikes
68,464188580,82,short_square_triple_first_spiking,glif_recording_grid,absolute_steady_state_delta_voltage_error_mV,,non_evaluable,not_applicable_to_protocol,protocol_structural,long_square_coverage_contract
69,464188580,82,short_square_triple_first_spiking,perisomatic_recording_grid_playback,absolute_spike_count_error,1,calculated,,calculated,unconditional
69,464188580,82,short_square_triple_first_spiking,perisomatic_recording_grid_playback,absolute_first_spike_latency_error_ms,0.33000000516869576,calculated,,calculated,conditional_on_recording_and_model_spikes
69,464188580,82,short_square_triple_first_spiking,perisomatic_recording_grid_playback,absolute_steady_state_delta_voltage_error_mV,,non_evaluable,not_applicable_to_protocol,protocol_structural,long_square_coverage_contract
70,464188580,47,long_square_prethreshold_candidate,glif_stored_grid,absolute_spike_count_error,0,calculated,,calculated,unconditional
70,464188580,47,long_square_prethreshold_candidate,glif_stored_grid,absolute_first_spike_latency_error_ms,,non_evaluable,no_in_window_spike,conditional_spike_absence,conditional_on_recording_and_model_spikes
70,464188580,47,long_square_prethreshold_candidate,glif_stored_grid,absolute_steady_state_delta_voltage_error_mV,4.4188530180202665,calculated,,calculated,long_square_coverage_contract
71,464188580,47,long_square_prethreshold_candidate,glif_recording_grid,absolute_spike_count_error,0,calculated,,calculated,unconditional
71,464188580,47,long_square_prethreshold_candidate,glif_recording_grid,absolute_first_spike_latency_error_ms,,non_evaluable,no_in_window_spike,conditional_spike_absence,conditional_on_recording_and_model_spikes
71,464188580,47,long_square_prethreshold_candidate,glif_recording_grid,absolute_steady_state_delta_voltage_error_mV,4.418853018023708,calculated,,calculated,long_square_coverage_contract
72,464188580,47,long_square_prethreshold_candidate,perisomatic_recording_grid_playback,absolute_spike_count_error,0,calculated,,calculated,unconditional
72,464188580,47,long_square_prethreshold_candidate,perisomatic_recording_grid_playback,absolute_first_spike_latency_error_ms,,non_evaluable,no_in_window_spike,conditional_spike_absence,conditional_on_recording_and_model_spikes
72,464188580,47,long_square_prethreshold_candidate,perisomatic_recording_grid_playback,absolute_steady_state_delta_voltage_error_mV,8.431181507350754,calculated,,calculated,long_square_coverage_contract
