case_number,specimen_id,analytical_stratum,sweep_number,recording_selection,stimulus_label,model_condition,model_family,model_id,model_dt_s,recorded_stimulus_window_spike_count,model_stimulus_window_spike_count,absolute_spike_count_error,absolute_first_spike_latency_error_ms,latency_status,latency_non_evaluable_reason,absolute_steady_state_delta_voltage_error_mV,steady_state_status,steady_state_non_evaluable_reason,recording_baseline_coverage,recording_steady_state_coverage,model_baseline_coverage,model_steady_state_coverage,fitting_exposure_status
1,314822529,method_development,44,method_development_raw_label,Long Square,glif_stored_grid,glif,566282269,0.00005,0,0,0,,non_evaluable,no_in_window_spike,0.4125373234716359,calculated,,1.0,1.0,1.0,1.0,sweep_exposure_during_fitting_unknown
2,314822529,method_development,44,method_development_raw_label,Long Square,glif_recording_grid,glif,566282269,0.000005,0,0,0,,non_evaluable,no_in_window_spike,0.4125373234656893,calculated,,1.0,1.0,1.0,1.0,sweep_exposure_during_fitting_unknown
3,314822529,method_development,44,method_development_raw_label,Long Square,perisomatic_recording_grid_playback,perisomatic,471087975,0.000025,0,0,0,,non_evaluable,no_in_window_spike,2.747038918710726,calculated,,1.0,1.0,1.0,1.0,sweep_exposure_during_fitting_unknown
4,314822529,method_development,17,method_development_raw_label,Short Square,glif_stored_grid,glif,566282269,0.00005,1,0,1,,non_evaluable,no_in_window_spike,,non_evaluable,not_applicable_to_protocol,,,,,sweep_exposure_during_fitting_unknown
5,314822529,method_development,17,method_development_raw_label,Short Square,glif_recording_grid,glif,566282269,0.000005,1,0,1,,non_evaluable,no_in_window_spike,,non_evaluable,not_applicable_to_protocol,,,,,sweep_exposure_during_fitting_unknown
6,314822529,method_development,17,method_development_raw_label,Short Square,perisomatic_recording_grid_playback,perisomatic,471087975,0.000025,1,0,1,,non_evaluable,no_in_window_spike,,non_evaluable,not_applicable_to_protocol,,,,,sweep_exposure_during_fitting_unknown
7,314822529,method_development,75,method_development_raw_label,Short Square - Triple,glif_stored_grid,glif,566282269,0.00005,3,0,3,,non_evaluable,no_in_window_spike,,non_evaluable,not_applicable_to_protocol,,,,,sweep_exposure_during_fitting_unknown
8,314822529,method_development,75,method_development_raw_label,Short Square - Triple,glif_recording_grid,glif,566282269,0.000005,3,0,3,,non_evaluable,no_in_window_spike,,non_evaluable,not_applicable_to_protocol,,,,,sweep_exposure_during_fitting_unknown
9,314822529,method_development,75,method_development_raw_label,Short Square - Triple,perisomatic_recording_grid_playback,perisomatic,471087975,0.000025,3,1,2,20.030000005228032,calculated,,,non_evaluable,not_applicable_to_protocol,,,,,sweep_exposure_during_fitting_unknown
10,314822529,method_development,66,method_development_raw_label,Square - 2s Suprathreshold,glif_stored_grid,glif,566282269,0.00005,6,0,6,,non_evaluable,no_in_window_spike,3.282761642026698,calculated,,1.0,1.0,1.0,1.0,sweep_exposure_during_fitting_unknown
11,314822529,method_development,66,method_development_raw_label,Square - 2s Suprathreshold,glif_recording_grid,glif,566282269,0.000005,6,0,6,,non_evaluable,no_in_window_spike,3.2827616420148114,calculated,,1.0,1.0,1.0,1.0,sweep_exposure_during_fitting_unknown
12,314822529,method_development,66,method_development_raw_label,Square - 2s Suprathreshold,perisomatic_recording_grid_playback,perisomatic,471087975,0.000025,6,13,7,12.100000001571187,calculated,,4.453460345144225,calculated,,1.0,0.976,1.0,0.9759,sweep_exposure_during_fitting_unknown
13,324493977,evaluation,46,long_square_first_spiking,Long Square,glif_stored_grid,glif,566284334,0.00005,1,0,1,,non_evaluable,no_in_window_spike,4.080681705127084,calculated,,1.0,1.0,1.0,1.0,sweep_exposure_during_fitting_unknown
14,324493977,evaluation,46,long_square_first_spiking,Long Square,glif_recording_grid,glif,566284334,0.000005,1,0,1,,non_evaluable,no_in_window_spike,4.080681705132573,calculated,,1.0,1.0,1.0,1.0,sweep_exposure_during_fitting_unknown
15,324493977,evaluation,46,long_square_first_spiking,Long Square,perisomatic_recording_grid_playback,perisomatic,472304676,0.000025,1,0,1,,non_evaluable,no_in_window_spike,12.750317671613775,calculated,,1.0,1.0,1.0,1.0,sweep_exposure_during_fitting_unknown
16,324493977,evaluation,16,short_square_first_spiking,Short Square,glif_stored_grid,glif,566284334,0.00005,0,0,0,,non_evaluable,no_in_window_spike,,non_evaluable,not_applicable_to_protocol,,,,,sweep_exposure_during_fitting_unknown
17,324493977,evaluation,16,short_square_first_spiking,Short Square,glif_recording_grid,glif,566284334,0.000005,0,0,0,,non_evaluable,no_in_window_spike,,non_evaluable,not_applicable_to_protocol,,,,,sweep_exposure_during_fitting_unknown
18,324493977,evaluation,16,short_square_first_spiking,Short Square,perisomatic_recording_grid_playback,perisomatic,472304676,0.000025,0,0,0,,non_evaluable,no_in_window_spike,,non_evaluable,not_applicable_to_protocol,,,,,sweep_exposure_during_fitting_unknown
19,324493977,evaluation,69,short_square_triple_first_spiking,Short Square - Triple,glif_stored_grid,glif,566284334,0.00005,3,1,2,5.74276701959775,calculated,,,non_evaluable,not_applicable_to_protocol,,,,,sweep_exposure_during_fitting_unknown
20,324493977,evaluation,69,short_square_triple_first_spiking,Short Square - Triple,glif_recording_grid,glif,566284334,0.000005,3,2,1,5.747017137424315,calculated,,,non_evaluable,not_applicable_to_protocol,,,,,sweep_exposure_during_fitting_unknown
21,324493977,evaluation,69,short_square_triple_first_spiking,Short Square - Triple,perisomatic_recording_grid_playback,perisomatic,472304676,0.000025,3,3,0,0.17500000516834646,calculated,,,non_evaluable,not_applicable_to_protocol,,,,,sweep_exposure_during_fitting_unknown
22,324493977,evaluation,37,long_square_prethreshold_candidate,Long Square,glif_stored_grid,glif,566284334,0.00005,0,0,0,,non_evaluable,no_in_window_spike,1.3109390549452815,calculated,,1.0,1.0,1.0,1.0,sweep_exposure_during_fitting_unknown
23,324493977,evaluation,37,long_square_prethreshold_candidate,Long Square,glif_recording_grid,glif,566284334,0.000005,0,0,0,,non_evaluable,no_in_window_spike,1.3109390549507771,calculated,,1.0,1.0,1.0,1.0,sweep_exposure_during_fitting_unknown
24,324493977,evaluation,37,long_square_prethreshold_candidate,Long Square,perisomatic_recording_grid_playback,perisomatic,472304676,0.000025,0,0,0,,non_evaluable,no_in_window_spike,9.294543296054128,calculated,,1.0,1.0,1.0,1.0,sweep_exposure_during_fitting_unknown
25,473943881,evaluation,41,long_square_first_spiking,Long Square,glif_stored_grid,glif,566305790,0.00005,2,0,2,,non_evaluable,no_in_window_spike,4.207219319733252,calculated,,1.0,0.97601,1.0,1.0,sweep_exposure_during_fitting_unknown
26,473943881,evaluation,41,long_square_first_spiking,Long Square,glif_recording_grid,glif,566305790,0.000005,2,0,2,,non_evaluable,no_in_window_spike,4.207219319735472,calculated,,1.0,0.97601,1.0,1.0,sweep_exposure_during_fitting_unknown
27,473943881,evaluation,41,long_square_first_spiking,Long Square,perisomatic_recording_grid_playback,perisomatic,476679102,0.000025,2,0,2,,non_evaluable,no_in_window_spike,13.144763962428335,calculated,,1.0,0.97601,1.0,1.0,sweep_exposure_during_fitting_unknown
28,473943881,evaluation,16,short_square_first_spiking,Short Square,glif_stored_grid,glif,566305790,0.00005,0,0,0,,non_evaluable,no_in_window_spike,,non_evaluable,not_applicable_to_protocol,,,,,sweep_exposure_during_fitting_unknown
29,473943881,evaluation,16,short_square_first_spiking,Short Square,glif_recording_grid,glif,566305790,0.000005,0,0,0,,non_evaluable,no_in_window_spike,,non_evaluable,not_applicable_to_protocol,,,,,sweep_exposure_during_fitting_unknown
30,473943881,evaluation,16,short_square_first_spiking,Short Square,perisomatic_recording_grid_playback,perisomatic,476679102,0.000025,0,1,1,,non_evaluable,no_in_window_spike,,non_evaluable,not_applicable_to_protocol,,,,,sweep_exposure_during_fitting_unknown
31,473943881,evaluation,77,short_square_triple_first_spiking,Short Square - Triple,glif_stored_grid,glif,566305790,0.00005,2,1,1,13.413945370662539,calculated,,,non_evaluable,not_applicable_to_protocol,,,,,sweep_exposure_during_fitting_unknown
32,473943881,evaluation,77,short_square_triple_first_spiking,Short Square - Triple,glif_recording_grid,glif,566305790,0.000005,2,1,1,13.42118996201025,calculated,,,non_evaluable,not_applicable_to_protocol,,,,,sweep_exposure_during_fitting_unknown
33,473943881,evaluation,77,short_square_triple_first_spiking,Short Square - Triple,perisomatic_recording_grid_playback,perisomatic,476679102,0.000025,2,2,0,0.9499999948352489,calculated,,,non_evaluable,not_applicable_to_protocol,,,,,sweep_exposure_during_fitting_unknown
34,473943881,evaluation,49,long_square_prethreshold_candidate,Long Square,glif_stored_grid,glif,566305790,0.00005,0,0,0,,non_evaluable,no_in_window_spike,3.8610378484060655,calculated,,1.0,1.0,1.0,1.0,sweep_exposure_during_fitting_unknown
35,473943881,evaluation,49,long_square_prethreshold_candidate,Long Square,glif_recording_grid,glif,566305790,0.000005,0,0,0,,non_evaluable,no_in_window_spike,3.861037848408286,calculated,,1.0,1.0,1.0,1.0,sweep_exposure_during_fitting_unknown
36,473943881,evaluation,49,long_square_prethreshold_candidate,Long Square,perisomatic_recording_grid_playback,perisomatic,476679102,0.000025,0,0,0,,non_evaluable,no_in_window_spike,12.525972957521155,calculated,,1.0,1.0,1.0,1.0,sweep_exposure_during_fitting_unknown
37,471087830,evaluation,49,long_square_first_spiking,Long Square,glif_stored_grid,glif,566303365,0.00005,1,71,70,1.2975328278554965,calculated,,,non_evaluable,insufficient_coverage,1.0,1.0,1.0,0.5745,sweep_exposure_during_fitting_unknown
38,471087830,evaluation,49,long_square_first_spiking,Long Square,glif_recording_grid,glif,566303365,0.000005,1,79,78,1.2575404767096732,calculated,,,non_evaluable,insufficient_coverage,1.0,1.0,1.0,0.52397,sweep_exposure_during_fitting_unknown
39,471087830,evaluation,49,long_square_first_spiking,Long Square,perisomatic_recording_grid_playback,perisomatic,478513441,0.000025,1,105,104,3.899999998445036,calculated,,,non_evaluable,insufficient_coverage,1.0,1.0,1.0,0.38485,sweep_exposure_during_fitting_unknown
40,471087830,evaluation,15,short_square_first_spiking,Short Square,glif_stored_grid,glif,566303365,0.00005,0,0,0,,non_evaluable,no_in_window_spike,,non_evaluable,not_applicable_to_protocol,,,,,sweep_exposure_during_fitting_unknown
41,471087830,evaluation,15,short_square_first_spiking,Short Square,glif_recording_grid,glif,566303365,0.000005,0,0,0,,non_evaluable,no_in_window_spike,,non_evaluable,not_applicable_to_protocol,,,,,sweep_exposure_during_fitting_unknown
42,471087830,evaluation,15,short_square_first_spiking,Short Square,perisomatic_recording_grid_playback,perisomatic,478513441,0.000025,0,0,0,,non_evaluable,no_in_window_spike,,non_evaluable,not_applicable_to_protocol,,,,,sweep_exposure_during_fitting_unknown
43,471087830,evaluation,90,short_square_triple_first_spiking,Short Square - Triple,glif_stored_grid,glif,566303365,0.00005,3,1,2,7.187337210378786,calculated,,,non_evaluable,not_applicable_to_protocol,,,,,sweep_exposure_during_fitting_unknown
44,471087830,evaluation,90,short_square_triple_first_spiking,Short Square - Triple,glif_recording_grid,glif,566303365,0.000005,3,1,2,7.197426583740896,calculated,,,non_evaluable,not_applicable_to_protocol,,,,,sweep_exposure_during_fitting_unknown
45,471087830,evaluation,90,short_square_triple_first_spiking,Short Square - Triple,perisomatic_recording_grid_playback,perisomatic,478513441,0.000025,3,2,1,6.170000005189191,calculated,,,non_evaluable,not_applicable_to_protocol,,,,,sweep_exposure_during_fitting_unknown
46,471087830,evaluation,48,long_square_prethreshold_candidate,Long Square,glif_stored_grid,glif,566303365,0.00005,0,57,57,,non_evaluable,no_in_window_spike,,non_evaluable,insufficient_coverage,1.0,1.0,1.0,0.664,sweep_exposure_during_fitting_unknown
47,471087830,evaluation,48,long_square_prethreshold_candidate,Long Square,glif_recording_grid,glif,566303365,0.000005,0,62,62,,non_evaluable,no_in_window_spike,,non_evaluable,insufficient_coverage,1.0,1.0,1.0,0.628,sweep_exposure_during_fitting_unknown
48,471087830,evaluation,48,long_square_prethreshold_candidate,Long Square,perisomatic_recording_grid_playback,perisomatic,478513441,0.000025,0,99,99,,non_evaluable,no_in_window_spike,,non_evaluable,insufficient_coverage,1.0,1.0,1.0,0.41975,sweep_exposure_during_fitting_unknown
49,475585413,evaluation,40,long_square_first_spiking,Long Square,glif_stored_grid,glif,566307065,0.00005,1,0,1,,non_evaluable,no_in_window_spike,2.696126305111124,calculated,,1.0,1.0,1.0,1.0,sweep_exposure_during_fitting_unknown
50,475585413,evaluation,40,long_square_first_spiking,Long Square,glif_recording_grid,glif,566307065,0.000005,1,0,1,,non_evaluable,no_in_window_spike,2.696126305108293,calculated,,1.0,1.0,1.0,1.0,sweep_exposure_during_fitting_unknown
51,475585413,evaluation,40,long_square_first_spiking,Long Square,perisomatic_recording_grid_playback,perisomatic,478045081,0.000025,1,0,1,,non_evaluable,no_in_window_spike,16.059544895268868,calculated,,1.0,1.0,1.0,1.0,sweep_exposure_during_fitting_unknown
52,475585413,evaluation,12,short_square_first_spiking,Short Square,glif_stored_grid,glif,566307065,0.00005,0,0,0,,non_evaluable,no_in_window_spike,,non_evaluable,not_applicable_to_protocol,,,,,sweep_exposure_during_fitting_unknown
53,475585413,evaluation,12,short_square_first_spiking,Short Square,glif_recording_grid,glif,566307065,0.000005,0,0,0,,non_evaluable,no_in_window_spike,,non_evaluable,not_applicable_to_protocol,,,,,sweep_exposure_during_fitting_unknown
54,475585413,evaluation,12,short_square_first_spiking,Short Square,perisomatic_recording_grid_playback,perisomatic,478045081,0.000025,0,1,1,,non_evaluable,no_in_window_spike,,non_evaluable,not_applicable_to_protocol,,,,,sweep_exposure_during_fitting_unknown
55,475585413,evaluation,70,short_square_triple_first_spiking,Short Square - Triple,glif_stored_grid,glif,566307065,0.00005,3,1,2,14.111164700702172,calculated,,,non_evaluable,not_applicable_to_protocol,,,,,sweep_exposure_during_fitting_unknown
56,475585413,evaluation,70,short_square_triple_first_spiking,Short Square - Triple,glif_recording_grid,glif,566307065,0.000005,3,1,2,14.119178448749548,calculated,,,non_evaluable,not_applicable_to_protocol,,,,,sweep_exposure_during_fitting_unknown
57,475585413,evaluation,70,short_square_triple_first_spiking,Short Square - Triple,perisomatic_recording_grid_playback,perisomatic,478045081,0.000025,3,3,0,0.49999999483540947,calculated,,,non_evaluable,not_applicable_to_protocol,,,,,sweep_exposure_during_fitting_unknown
58,475585413,evaluation,32,long_square_prethreshold_candidate,Long Square,glif_stored_grid,glif,566307065,0.00005,0,0,0,,non_evaluable,no_in_window_spike,1.198009088506459,calculated,,1.0,1.0,1.0,1.0,sweep_exposure_during_fitting_unknown
59,475585413,evaluation,32,long_square_prethreshold_candidate,Long Square,glif_recording_grid,glif,566307065,0.000005,0,0,0,,non_evaluable,no_in_window_spike,1.198009088503635,calculated,,1.0,1.0,1.0,1.0,sweep_exposure_during_fitting_unknown
60,475585413,evaluation,32,long_square_prethreshold_candidate,Long Square,perisomatic_recording_grid_playback,perisomatic,478045081,0.000025,0,0,0,,non_evaluable,no_in_window_spike,16.111433120093054,calculated,,1.0,1.0,1.0,1.0,sweep_exposure_during_fitting_unknown
61,464188580,evaluation,39,long_square_first_spiking,Long Square,glif_stored_grid,glif,566295639,0.00005,4,0,4,,non_evaluable,no_in_window_spike,4.556357249582699,calculated,,1.0,0.97602,1.0,1.0,sweep_exposure_during_fitting_unknown
62,464188580,evaluation,39,long_square_first_spiking,Long Square,glif_recording_grid,glif,566295639,0.000005,4,0,4,,non_evaluable,no_in_window_spike,4.55635724958614,calculated,,1.0,0.97602,1.0,1.0,sweep_exposure_during_fitting_unknown
63,464188580,evaluation,39,long_square_first_spiking,Long Square,perisomatic_recording_grid_playback,perisomatic,472421285,0.000025,4,0,4,,non_evaluable,no_in_window_spike,8.651293543096267,calculated,,1.0,0.97602,1.0,1.0,sweep_exposure_during_fitting_unknown
64,464188580,evaluation,19,short_square_first_spiking,Short Square,glif_stored_grid,glif,566295639,0.00005,0,0,0,,non_evaluable,no_in_window_spike,,non_evaluable,not_applicable_to_protocol,,,,,sweep_exposure_during_fitting_unknown
65,464188580,evaluation,19,short_square_first_spiking,Short Square,glif_recording_grid,glif,566295639,0.000005,0,0,0,,non_evaluable,no_in_window_spike,,non_evaluable,not_applicable_to_protocol,,,,,sweep_exposure_during_fitting_unknown
66,464188580,evaluation,19,short_square_first_spiking,Short Square,perisomatic_recording_grid_playback,perisomatic,472421285,0.000025,0,0,0,,non_evaluable,no_in_window_spike,,non_evaluable,not_applicable_to_protocol,,,,,sweep_exposure_during_fitting_unknown
67,464188580,evaluation,82,short_square_triple_first_spiking,Short Square - Triple,glif_stored_grid,glif,566295639,0.00005,3,1,2,6.7168772859056425,calculated,,,non_evaluable,not_applicable_to_protocol,,,,,sweep_exposure_during_fitting_unknown
68,464188580,evaluation,82,short_square_triple_first_spiking,Short Square - Triple,glif_recording_grid,glif,566295639,0.000005,3,1,2,6.7244318155821325,calculated,,,non_evaluable,not_applicable_to_protocol,,,,,sweep_exposure_during_fitting_unknown
69,464188580,evaluation,82,short_square_triple_first_spiking,Short Square - Triple,perisomatic_recording_grid_playback,perisomatic,472421285,0.000025,3,2,1,0.33000000516869576,calculated,,,non_evaluable,not_applicable_to_protocol,,,,,sweep_exposure_during_fitting_unknown
70,464188580,evaluation,47,long_square_prethreshold_candidate,Long Square,glif_stored_grid,glif,566295639,0.00005,0,0,0,,non_evaluable,no_in_window_spike,4.4188530180202665,calculated,,1.0,1.0,1.0,1.0,sweep_exposure_during_fitting_unknown
71,464188580,evaluation,47,long_square_prethreshold_candidate,Long Square,glif_recording_grid,glif,566295639,0.000005,0,0,0,,non_evaluable,no_in_window_spike,4.418853018023708,calculated,,1.0,1.0,1.0,1.0,sweep_exposure_during_fitting_unknown
72,464188580,evaluation,47,long_square_prethreshold_candidate,Long Square,perisomatic_recording_grid_playback,perisomatic,472421285,0.000025,0,0,0,,non_evaluable,no_in_window_spike,8.431181507350754,calculated,,1.0,1.0,1.0,1.0,sweep_exposure_during_fitting_unknown
